"ID","Name","Email","User Group","Status","Created At","Updated At"
"47","Prof. Dillon Daugherty","beverly.mcglynn@example.org","user","export.active","06/05/2025 08:44:44","06/05/2025 08:44:44"
"48","Toby Collier","kailee.moore@example.com","user","export.inactive","06/05/2025 08:44:44","06/05/2025 08:44:44"
"49","Prof. Dolores Waelchi MD","guillermo48@example.com","admin","export.inactive","06/05/2025 08:44:44","06/05/2025 08:44:44"
"50","Mr. Benedict Larkin PhD","lkuhn@example.com","manager","export.inactive","06/05/2025 08:44:44","06/05/2025 08:44:44"
"51","Dan Weimann","rowland70@example.net","user","export.inactive","06/05/2025 08:44:44","06/05/2025 08:44:44"
"52","Elenora Haley","dubuque.juliana@example.net","user","export.inactive","06/05/2025 08:44:44","06/05/2025 08:44:44"
"53","Jacinthe Ryan","umcclure@example.com","manager","export.inactive","06/05/2025 08:44:44","06/05/2025 08:44:44"
"54","Reynold Conn II","ned79@example.com","manager","export.active","06/05/2025 08:44:44","06/05/2025 08:44:44"
"55","Amelia Cummerata","yorn@example.com","manager","export.inactive","06/05/2025 08:44:44","06/05/2025 08:44:44"
"56","Monserrate Johns","kyla05@example.com","manager","export.inactive","06/05/2025 08:44:44","06/05/2025 08:44:44"
"57","Toy Heller","ilind@example.org","manager","export.active","06/05/2025 08:44:44","06/05/2025 08:44:44"
"58","Norval Kirlin","willis10@example.net","user","export.active","06/05/2025 08:44:44","06/05/2025 08:44:44"
"59","Bennett Kuhn III","hillard.flatley@example.net","manager","export.active","06/05/2025 08:44:44","06/05/2025 08:44:44"
"60","Clement Walsh","anastacio.spencer@example.net","user","export.inactive","06/05/2025 08:44:44","06/05/2025 08:44:44"
"61","Miss Estell Smitham","schmeler.antoinette@example.com","manager","export.inactive","06/05/2025 08:44:44","06/05/2025 08:44:44"
"62","Prof. Makenna Funk","celia.nikolaus@example.org","user","export.inactive","06/05/2025 08:44:44","06/05/2025 08:44:44"
"63","Louvenia Jones II","jheaney@example.net","manager","export.inactive","06/05/2025 08:44:44","06/05/2025 08:44:44"
"64","Brain Blanda V","makayla57@example.org","admin","export.active","06/05/2025 08:44:44","06/05/2025 08:44:44"
"65","Geoffrey Carroll","linwood73@example.com","user","export.inactive","06/05/2025 08:44:44","06/05/2025 08:44:44"
"66","Geovanny Hilpert","kayleigh09@example.net","admin","export.inactive","06/05/2025 08:44:44","06/05/2025 08:44:44"
"67","Leland Hyatt","rigoberto.dickinson@example.com","user","export.inactive","06/05/2025 08:44:44","06/05/2025 08:44:44"
"68","Ronny Feil","cmosciski@example.org","manager","export.active","06/05/2025 08:44:44","06/05/2025 08:44:44"
"69","Paolo Gerhold","tillman28@example.org","user","export.active","06/05/2025 08:44:44","06/05/2025 08:44:44"
"70","Vicente Maggio","kiarra.murazik@example.net","manager","export.active","06/05/2025 08:44:44","06/05/2025 08:44:44"
"71","Susanna McKenzie","winifred23@example.net","admin","export.active","06/05/2025 08:44:44","06/05/2025 08:44:44"
"72","Prof. Candida McCullough Jr.","payton49@example.com","admin","export.active","06/05/2025 08:44:44","06/05/2025 08:44:44"
"73","Kellen O'Connell","travis.klocko@example.org","user","export.inactive","06/05/2025 08:44:44","06/05/2025 08:44:44"
"74","Pink Simonis","wjones@example.com","user","export.active","06/05/2025 08:44:44","06/05/2025 08:44:44"
"75","Nicole Ryan","prempel@example.net","user","export.active","06/05/2025 08:44:44","06/05/2025 08:44:44"
"76","Dr. Barry Kessler Sr.","virginia36@example.org","manager","export.inactive","06/05/2025 08:44:44","06/05/2025 08:44:44"
"77","Elisabeth Wyman","juanita.gleichner@example.org","user","export.active","06/05/2025 08:44:44","06/05/2025 08:44:44"
"78","Krista Wyman","karson36@example.com","user","export.inactive","06/05/2025 08:44:44","06/05/2025 08:44:44"
"79","Oswaldo Maggio","alfonzo.botsford@example.net","admin","export.inactive","06/05/2025 08:44:44","06/05/2025 08:44:44"
"80","Mrs. Creola Kreiger Jr.","maia23@example.com","admin","export.inactive","06/05/2025 08:44:44","06/05/2025 08:44:44"
"81","Michaela Mayer","tate.kerluke@example.org","manager","export.inactive","06/05/2025 08:44:44","06/05/2025 08:44:44"
"82","Magdalen Dach III","eladio33@example.net","manager","export.active","06/05/2025 08:44:44","06/05/2025 08:44:44"
"83","Michele Marvin","mwaelchi@example.com","user","export.active","06/05/2025 08:44:44","06/05/2025 08:44:44"
"84","Xzavier Smitham","haylie.ortiz@example.net","manager","export.active","06/05/2025 08:44:44","06/05/2025 08:44:44"
"85","Aisha Treutel","vbahringer@example.net","user","export.inactive","06/05/2025 08:44:44","06/05/2025 08:44:44"
"86","Broderick Crist","willy.roberts@example.com","admin","export.active","06/05/2025 08:44:44","06/05/2025 08:44:44"
"87","Dwight Kilback IV","crystel.jones@example.net","admin","export.inactive","06/05/2025 08:44:44","06/05/2025 08:44:44"
"88","Dayna Leuschke DVM","mya18@example.com","user","export.active","06/05/2025 08:44:44","06/05/2025 08:44:44"
"89","Kathlyn Dicki II","makayla.thompson@example.net","admin","export.active","06/05/2025 08:44:44","06/05/2025 08:44:44"
"90","Dixie Bernhard","mgislason@example.com","manager","export.inactive","06/05/2025 08:44:44","06/05/2025 08:44:44"
"91","Bryana Ruecker","bosinski@example.com","admin","export.active","06/05/2025 08:44:44","06/05/2025 08:44:44"
"92","Francis Anderson","zetta73@example.org","manager","export.active","06/05/2025 08:44:44","06/05/2025 08:44:44"
"93","Cortney Mertz","bartoletti.rodolfo@example.net","user","export.inactive","06/05/2025 08:44:44","06/05/2025 08:44:44"
"94","Annette Mraz","watsica.valentin@example.com","admin","export.inactive","06/05/2025 08:44:44","06/05/2025 08:44:44"
"95","Spencer Fay","iveum@example.net","user","export.active","06/05/2025 08:44:44","06/05/2025 08:44:44"
"96","Gennaro Thompson","krystal47@example.com","admin","export.inactive","06/05/2025 08:44:44","06/05/2025 08:44:44"
"97","Conor Weissnat","timmy.brown@example.org","user","export.active","06/05/2025 08:44:44","06/05/2025 08:44:44"
"98","Dr. Kyler Ortiz","xsenger@example.com","admin","export.inactive","06/05/2025 08:44:44","06/05/2025 08:44:44"
"99","Madisyn Ratke","joanny.waters@example.org","manager","export.inactive","06/05/2025 08:44:44","06/05/2025 08:44:44"
"100","Theron Kuhic","kaylee.smitham@example.net","manager","export.inactive","06/05/2025 08:44:44","06/05/2025 08:44:44"
"101","Miss Chasity Marks IV","alene.stoltenberg@example.net","admin","export.inactive","06/05/2025 08:44:44","06/05/2025 08:44:44"
"2","Andy Swift","xkuhic@example.org","user","export.active","06/05/2025 08:44:43","06/05/2025 08:44:43"
"3","Gabe Murazik III","clemens.kreiger@example.net","admin","export.active","06/05/2025 08:44:43","06/05/2025 08:44:43"
"4","Phoebe Haley","wiza.carol@example.org","manager","export.active","06/05/2025 08:44:43","06/05/2025 08:44:43"
"5","Daniela Quitzon","heaney.jaime@example.net","admin","export.active","06/05/2025 08:44:43","06/05/2025 08:44:43"
"6","Prof. Dameon Mertz PhD","zkling@example.net","admin","export.active","06/05/2025 08:44:43","06/05/2025 08:44:43"
"7","Rosa Mohr","braun.neha@example.net","user","export.active","06/05/2025 08:44:43","06/05/2025 08:44:43"
"8","Annamae Bechtelar","ortiz.jimmy@example.org","user","export.inactive","06/05/2025 08:44:43","06/05/2025 08:44:43"
"9","Green Labadie","cooper.mayert@example.com","user","export.inactive","06/05/2025 08:44:43","06/05/2025 08:44:43"
"10","Ms. Kaya Becker V","gparisian@example.net","manager","export.active","06/05/2025 08:44:43","06/05/2025 08:44:43"
"11","Lenna Stamm IV","erling.hermiston@example.org","manager","export.inactive","06/05/2025 08:44:43","06/05/2025 08:44:43"
"12","Dr. Carson Kiehn Jr.","linwood.eichmann@example.org","admin","export.inactive","06/05/2025 08:44:43","06/05/2025 08:44:43"
"13","Madelynn Fritsch","hammes.skye@example.net","admin","export.active","06/05/2025 08:44:43","06/05/2025 08:44:43"
"14","Terence Ledner","marcelo.glover@example.net","user","export.active","06/05/2025 08:44:43","06/05/2025 08:44:43"
"15","Theo McGlynn","klangosh@example.net","user","export.inactive","06/05/2025 08:44:43","06/05/2025 08:44:43"
"16","Alfonzo Jacobs","kayli11@example.com","manager","export.active","06/05/2025 08:44:43","06/05/2025 08:44:43"
"17","Adriana Goyette","rluettgen@example.net","admin","export.active","06/05/2025 08:44:43","06/05/2025 08:44:43"
"18","Ms. Odessa Grimes","austen.blanda@example.com","admin","export.inactive","06/05/2025 08:44:43","06/05/2025 08:44:43"
"19","Carrie Gaylord","vonrueden.alf@example.org","admin","export.inactive","06/05/2025 08:44:43","06/05/2025 08:44:43"
"20","Okey Jacobson","cwilderman@example.org","manager","export.inactive","06/05/2025 08:44:43","06/05/2025 08:44:43"
"21","Suzanne Johnston","gleason.leonora@example.org","user","export.inactive","06/05/2025 08:44:43","06/05/2025 08:44:43"
"22","Norris Kassulke","arlene.ankunding@example.net","manager","export.inactive","06/05/2025 08:44:43","06/05/2025 08:44:43"
"23","Don Brakus","fstehr@example.net","admin","export.active","06/05/2025 08:44:43","06/05/2025 08:44:43"
"24","Ressie Sauer","bernhard.jay@example.net","manager","export.inactive","06/05/2025 08:44:43","06/05/2025 08:44:43"
"25","Alexandrea Marvin","gibson.lera@example.com","user","export.active","06/05/2025 08:44:43","06/05/2025 08:44:43"
"26","Gussie Abshire","susana.lueilwitz@example.com","user","export.inactive","06/05/2025 08:44:43","06/05/2025 08:44:43"
"27","Collin Ward","stoltenberg.carli@example.org","admin","export.inactive","06/05/2025 08:44:43","06/05/2025 08:44:43"
"28","Miss Dannie Cruickshank V","imurray@example.org","manager","export.inactive","06/05/2025 08:44:43","06/05/2025 08:44:43"
"29","Katelyn Harber","pagac.damon@example.net","manager","export.active","06/05/2025 08:44:43","06/05/2025 08:44:43"
"30","Mr. Dario Hodkiewicz DDS","wilfrid93@example.org","admin","export.active","06/05/2025 08:44:43","06/05/2025 08:44:43"
"31","Guillermo Schaefer","gfisher@example.com","admin","export.inactive","06/05/2025 08:44:43","06/05/2025 08:44:43"
"32","Noe Hermiston MD","kschoen@example.com","admin","export.inactive","06/05/2025 08:44:43","06/05/2025 08:44:43"
"33","Mr. Lamont Lebsack I","damaris14@example.net","manager","export.inactive","06/05/2025 08:44:43","06/05/2025 08:44:43"
"34","Rodrigo Fritsch","shanahan.leopold@example.com","user","export.active","06/05/2025 08:44:43","06/05/2025 08:44:43"
"35","Prof. Pete Denesik","ymurphy@example.net","user","export.active","06/05/2025 08:44:43","06/05/2025 08:44:43"
"36","Dr. Rasheed Lehner","uzulauf@example.net","admin","export.inactive","06/05/2025 08:44:43","06/05/2025 08:44:43"
"37","Alessandro Mosciski","viola.beatty@example.org","admin","export.inactive","06/05/2025 08:44:43","06/05/2025 08:44:43"
"38","Kyleigh Rath","jacey.daniel@example.net","manager","export.inactive","06/05/2025 08:44:43","06/05/2025 08:44:43"
"39","Ronny Schowalter","uhuel@example.org","admin","export.active","06/05/2025 08:44:43","06/05/2025 08:44:43"
"40","Mabelle Heller","euna12@example.com","manager","export.inactive","06/05/2025 08:44:43","06/05/2025 08:44:43"
"41","Justus Zemlak","olga.lueilwitz@example.org","user","export.active","06/05/2025 08:44:43","06/05/2025 08:44:43"
"42","Dr. Timmothy Steuber","lilliana88@example.net","user","export.inactive","06/05/2025 08:44:43","06/05/2025 08:44:43"
"43","Vernie Prohaska","carter41@example.net","manager","export.inactive","06/05/2025 08:44:43","06/05/2025 08:44:43"
"44","Mr. Collin Stracke","dean24@example.com","user","export.active","06/05/2025 08:44:43","06/05/2025 08:44:43"
"45","Prof. Joany Spinka MD","purdy.jermain@example.com","manager","export.active","06/05/2025 08:44:43","06/05/2025 08:44:43"
"46","Carmel Prohaska","jada16@example.org","admin","export.active","06/05/2025 08:44:43","06/05/2025 08:44:43"
"1","Admin","admin@gmail.com","admin","export.active","06/05/2025 08:44:07","06/05/2025 08:44:07"
